Date,Oil (BBL),Casinghead (MCF),GW Gas (MCF),Condensate (BBL),Gas (MCF),County,Year,Liquids (BBL),GOR (MCF/BBL Oil),GLR (MCF/BBL Liquids)
2020-01-01,17030249,41328706,321266,6888,41649972,Midland,2020,17037137,2.4456466843203524,2.4446579258005614
2020-02-01,15772319,38415798,312327,6636,38728125,Midland,2020,15778955,2.45544900531114,2.4544163412596083
2020-03-01,17266683,44144100,370431,7230,44514531,Midland,2020,17273913,2.5780592022219904,2.5769801549886235
2020-04-01,15963725,43160681,339924,6056,43500605,Midland,2020,15969781,2.7249658209471788,2.7239324697063787
2020-05-01,14639625,40822467,337548,5265,41160015,Midland,2020,14644890,2.8115484515484517,2.810537668770472
2020-06-01,15936333,43309365,300023,4791,43609388,Midland,2020,15941124,2.736475699899092,2.735653270120727
2020-07-01,16656274,48469586,315319,4996,48784905,Midland,2020,16661270,2.928920657765356,2.928042400129162
2020-08-01,16088773,49640294,327945,5572,49968239,Midland,2020,16094345,3.1057830824016226,3.104707833714264
2020-09-01,15105744,48817628,304174,5215,49121802,Midland,2020,15110959,3.2518624703291676,3.2507402078187098
2020-10-01,15536200,49882520,296650,5165,50179170,Midland,2020,15541365,3.229822607844904,3.2287492121830996
2020-11-01,15360769,47967512,273196,4596,48240708,Midland,2020,15365365,3.1405138635962824,3.1395744910713153
2020-12-01,16319239,50057762,287381,6097,50345143,Midland,2020,16325336,3.0850178124114733,3.083865655199991
2021-01-01,16387771,50366003,260263,5204,50626266,Midland,2021,16392975,3.089271018004828,3.0882903194813633
2021-02-01,12020070,34068713,205456,4195,34274169,Midland,2021,12024265,2.8514117638250025,2.8504169693532204
2021-03-01,17963436,50396144,307078,5807,50703222,Midland,2021,17969243,2.8225792660157,2.821667111964594
2021-04-01,16573858,51328346,303272,6118,51631618,Midland,2021,16579976,3.115244380638473,3.1140948575558856
2021-05-01,17014976,54367558,303031,6653,54670589,Midland,2021,17021629,3.2130864598339723,3.2118306068120743
2021-06-01,16103431,52536831,272736,6097,52809567,Midland,2021,16109528,3.2793984710463255,3.278157311623283
2021-07-01,16571998,55581941,299071,6121,55881012,Midland,2021,16578119,3.372014165099465,3.370769144557353
2021-08-01,16657446,55471810,292285,6277,55764095,Midland,2021,16663723,3.3476977803199843,3.3464367476583714
2021-09-01,15971241,53620799,284765,4920,53905564,Midland,2021,15976161,3.3751643970559333,3.374124985345353
2021-10-01,17525957,55836228,293483,5575,56129711,Midland,2021,17531532,3.2026616863204675,3.2016432448687313
2021-11-01,17718771,55591702,286335,6320,55878037,Midland,2021,17725091,3.153606816183809,3.152482376536177
2021-12-01,18634167,58416941,277909,6290,58694850,Midland,2021,18640457,3.1498510236599255,3.148788143981663
2022-01-01,17874265,55908770,297714,6232,56206484,Midland,2022,17880497,3.1445479856094782,3.143451996888006
2022-02-01,15566902,48858891,240974,5279,49099865,Midland,2022,15572181,3.154119233229579,3.153049980603231
2022-03-01,18348557,58445699,270509,5729,58716208,Midland,2022,18354286,3.2000449953639407,3.19904615194511
2022-04-01,17981225,56822878,263707,6425,57086585,Midland,2022,17987650,3.1747884251490097,3.173654424007583
2022-05-01,18267524,58961332,278714,5344,59240046,Midland,2022,18272868,3.24291600766475,3.2419675991749077
2022-06-01,18175991,58198941,245013,4242,58443954,Midland,2022,18180233,3.215448005008365,3.2146977434227604
2022-07-01,18710102,61101484,263543,4654,61365027,Midland,2022,18714756,3.2797804629819765,3.2789648446391713
2022-08-01,19224427,62801081,273784,5739,63074865,Midland,2022,19230166,3.280975032441799,3.2799958669103533
2022-09-01,18776788,62180516,258747,4839,62439263,Midland,2022,18781627,3.325343131104212,3.32448637170784
2022-10-01,20193868,66004326,241653,4635,66245979,Midland,2022,20198503,3.2804997536876046,3.2797469693669874
2022-11-01,19516249,63814421,226332,4974,64040753,Midland,2022,19521223,3.2814068420627347,3.280570740880323
2022-12-01,19042183,63830997,223919,5167,64054916,Midland,2022,19047350,3.363843105593513,3.3629305913946035
2023-01-01,18970868,64308792,203507,4943,64512299,Midland,2023,18975811,3.4005981697832697,3.39971234958021
2023-02-01,17239767,58402371,187385,3892,58589756,Midland,2023,17243659,3.398523657541311,3.39775658982818
2023-03-01,19545034,67498440,244432,4678,67742872,Midland,2023,19549712,3.465988956580991,3.465159589051747
2023-04-01,19170247,66727883,241859,5222,66969742,Midland,2023,19175469,3.493420924623454,3.492469571409179
2023-05-01,20270076,70481846,254774,4956,70736620,Midland,2023,20275032,3.4897066986823333,3.4888536797377188
2023-06-01,19924223,68258240,243081,4321,68501321,Midland,2023,19928544,3.4380924666422374,3.4373470033736533
2023-07-01,21304745,72007195,277641,5231,72284836,Midland,2023,21309976,3.392898436475067,3.392065575296753
2023-08-01,20376909,72844755,249406,4744,73094161,Midland,2023,20381653,3.58710739690696,3.5862724676943523
2023-09-01,18210223,68983836,267487,5498,69251323,Midland,2023,18215721,3.802881656089549,3.801733842981016
2023-10-01,19608647,71648302,271652,5654,71919954,Midland,2023,19614301,3.6677672865445534,3.6667100193884044
2023-11-01,19493072,70939200,213100,5126,71152300,Midland,2023,19498198,3.6501327240775594,3.64917311845946
2023-12-01,20404300,74120352,205060,4954,74325412,Midland,2023,20409254,3.6426347387560467,3.6417505510000514
2024-01-01,19080048,70120042,209527,5619,70329569,Midland,2024,19085667,3.686026838087619,3.684941637093427
2024-02-01,18376058,68815516,210857,4694,69026373,Midland,2024,18380752,3.7563210238017315,3.7553617501612555
2024-03-01,19523234,75092836,228868,4454,75321704,Midland,2024,19527688,3.858054664508964,3.8571746947206447
2024-04-01,18718151,73131634,218101,3854,73349735,Midland,2024,18722005,3.918642124427781,3.9178354561917916
2024-05-01,18754389,74156061,225151,4612,74381212,Midland,2024,18759001,3.9660695957623573,3.965094516493709
2024-06-01,19084615,74129085,190933,3516,74320018,Midland,2024,19088131,3.894237216731907,3.8935199051180023
2024-07-01,19742451,77870894,171202,2872,78042096,Midland,2024,19745323,3.9530094819533805,3.9524345081617556
2024-08-01,19857608,79309552,221027,4571,79530579,Midland,2024,19862179,4.00504325596517,4.004121551819667
2024-09-01,19219785,77575372,183537,3786,77758909,Midland,2024,19223571,4.045774133269441,4.04497733537645
2024-10-01,21060449,81754558,212378,4654,81966936,Midland,2024,21065103,3.8919842592149863,3.891124387096517
2024-11-01,20512265,79102023,183652,4069,79285675,Midland,2024,20516334,3.865281332900097,3.8645147325053295
2024-12-01,20833214,81775555,185890,4100,81961445,Midland,2024,20837314,3.9341718949366142,3.9333977978159758
2025-01-01,21033946,80481625,197220,4462,80678845,Midland,2025,21038408,3.835649525771341,3.8348360294181956
2025-02-01,18792688,72018103,169250,3342,72187353,Midland,2025,18796030,3.8412468189755504,3.840563831830445
2025-03-01,20452070,79688503,167955,2247,79856458,Midland,2025,20454317,3.9045660414813756,3.9041371070957784
2025-04-01,19766733,79293872,252333,42184,79546205,Midland,2025,19808917,4.024246444771627,4.015676626844365
2025-05-01,20303519,82748088,380877,59497,83128965,Midland,2025,20363016,4.094313158226414,4.082350325708137
2025-06-01,20198276,81995771,479378,79837,82475149,Midland,2025,20278113,4.0832766618299505,4.067200384966787
2025-07-01,20594624,84669473,581260,88296,85250733,Midland,2025,20682920,4.139465376983819,4.121793876299865
2025-08-01,20405235,84820251,693893,106899,85514144,Midland,2025,20512134,4.190794372130485,4.1689540444694835
2025-09-01,20065013,81878822,685108,114599,82563930,Midland,2025,20179612,4.114820658227333,4.09145279899336
2025-10-01,20503992,83567730,701114,103520,84268844,Midland,2025,20607512,4.1098749940987105,4.089229403336026
2025-11-01,19644692,82136006,536741,80284,82672747,Midland,2025,19724976,4.208401282137689,4.1912723746786815
2025-12-01,19931297,83875874,585007,79713,84460881,Midland,2025,20011010,4.2376008445411255,4.2207205433408905
2026-01-01,19020174,77704772,544357,69899,78249129,Midland,2026,19090073,4.1140070011977805,4.098943414202764
2026-02-01,17870493,71829506,471787,38570,72301293,Midland,2026,17909063,4.045847699892779,4.037134326904763
2026-03-01,19110986,81574307,496078,80249,82070385,Midland,2026,19191235,4.294408723861762,4.276451463389407
2020-01-01,13661490,24444061,662,12,24444723,Martin,2020,13661502,1.7893160262899581,1.7893144545892539
2020-02-01,12450042,21433524,620,0,21434144,Martin,2020,12450042,1.7216121841195395,1.7216121841195395
2020-03-01,14118060,25295377,664,0,25296041,Martin,2020,14118060,1.7917504954646744,1.7917504954646744
2020-04-01,12664713,23805592,625,0,23806217,Martin,2020,12664713,1.8797281075378494,1.8797281075378494
2020-05-01,11356738,22031715,356,0,22032071,Martin,2020,11356738,1.9399999366015135,1.9399999366015135
2020-06-01,12160641,23638967,384,0,23639351,Martin,2020,12160641,1.9439231040534788,1.9439231040534788
2020-07-01,11729627,24999548,665,3,25000213,Martin,2020,11729630,2.131373231220396,2.131372686094958
2020-08-01,11118480,24939994,467,0,24940461,Martin,2020,11118480,2.243153830379692,2.243153830379692
2020-09-01,11316840,24798453,327,6,24798780,Martin,2020,11316846,2.1913166573000944,2.1913154955011316
2020-10-01,12164102,26485012,634,8,26485646,Martin,2020,12164110,2.1773613868084962,2.177359954817903
2020-11-01,11685565,25935967,621,6,25936588,Martin,2020,11685571,2.2195407753069705,2.219539635675484
2020-12-01,11699115,26028528,615,0,26029143,Martin,2020,11699115,2.2248813692317753,2.2248813692317753
2021-01-01,11365243,25351801,0,7,25351801,Martin,2021,11365250,2.230643110754429,2.230641736873364
2021-02-01,8474152,17258686,8,4,17258694,Martin,2021,8474156,2.0366278537368694,2.036626892400848
2021-03-01,12944576,25097204,24,8,25097228,Martin,2021,12944584,1.9388219436465126,1.938820745417543
2021-04-01,13521428,26797534,0,0,26797534,Martin,2021,13521428,1.981856797965422,1.981856797965422
2021-05-01,14835533,29409230,274,0,29409504,Martin,2021,14835533,1.982369221247393,1.982369221247393
2021-06-01,14060725,28330856,535,15,28331391,Martin,2021,14060740,2.0149310224046055,2.014928872875823
2021-07-01,14843030,30177514,587,11,30178101,Martin,2021,14843041,2.0331496331948395,2.033148126451985
2021-08-01,15209177,31719342,218,4,31719560,Martin,2021,15209181,2.0855540046644205,2.08555345616572
2021-09-01,15371377,31429217,259,3,31429476,Martin,2021,15371380,2.0446753729350338,2.044674973880029
2021-10-01,16123763,33390348,181,0,33390529,Martin,2021,16123763,2.070889345123716,2.070889345123716
2021-11-01,14707713,31863343,237,0,31863580,Martin,2021,14707713,2.166453751171239,2.166453751171239
2021-12-01,15021616,33834728,235,1,33834963,Martin,2021,15021617,2.2524183150467967,2.2524181651016666
2022-01-01,15302893,34062377,310,0,34062687,Martin,2022,15302893,2.2258985278143157,2.2258985278143157
2022-02-01,14226506,31674083,566,1,31674649,Martin,2022,14226507,2.226453143168112,2.2264529866677742
2022-03-01,15370618,35691419,525,24,35691944,Martin,2022,15370642,2.322089066295187,2.322085440543082
2022-04-01,14302483,34710183,461,6,34710644,Martin,2022,14302489,2.42689636477806,2.4268953466770715
2022-05-01,14595004,35777787,463,7,35778250,Martin,2022,14595011,2.451403918765627,2.451402743033219
2022-06-01,14929105,35488903,412,4,35489315,Martin,2022,14929109,2.377189724367268,2.3771890874398465
2022-07-01,15828079,37344069,418,5,37344487,Martin,2022,15828084,2.359382146121459,2.3593814008063134
2022-08-01,16254792,37883429,484,6,37883913,Martin,2022,16254798,2.330630438088657,2.3306295778021973
2022-09-01,16451173,37775405,423,6,37775828,Martin,2022,16451179,2.2962391800268587,2.2962383425528348
2022-10-01,17096459,39472528,472,6,39473000,Martin,2022,17096465,2.3088406786457942,2.3088398683587514
2022-11-01,17267460,39523273,437,9,39523710,Martin,2022,17267469,2.288912787404749,2.2889115943975344
2022-12-01,17754241,41246449,643,8,41247092,Martin,2022,17754249,2.323224743879505,2.3232236970428883
2023-01-01,17058546,40823440,609,3,40824049,Martin,2023,17058549,2.3931728413429845,2.393172420467884
2023-02-01,15545800,37410544,501,10,37411045,Martin,2023,15545810,2.406504972404122,2.4065034243953836
2023-03-01,17569546,43826795,386,5,43827181,Martin,2023,17569551,2.4944970689623966,2.494496359070303
2023-04-01,17262852,43082119,446,11,43082565,Martin,2023,17262863,2.495680609438116,2.4956790191754403
2023-05-01,17788055,44662231,1165,9,44663396,Martin,2023,17788064,2.5108645099197187,2.510863239529608
2023-06-01,17227323,43916400,978,9,43917378,Martin,2023,17227332,2.5492862704205406,2.549284938608021
2023-07-01,18165479,45050408,772,5,45051180,Martin,2023,18165484,2.4800436035845794,2.4800429209593315
2023-08-01,19350616,47422960,641,0,47423601,Martin,2023,19350616,2.450754074185545,2.450754074185545
2023-09-01,19452297,46680098,533,0,46680631,Martin,2023,19452297,2.3997490373501904,2.3997490373501904
2023-10-01,20815810,49046853,540,2,49047393,Martin,2023,20815812,2.356256758684865,2.356256532293816
2023-11-01,21004227,49586774,689,0,49587463,Martin,2023,21004227,2.360832560036606,2.360832560036606
2023-12-01,20859762,50957075,638,4,50957713,Martin,2023,20859766,2.442871256153354,2.4428707877164104
2024-01-01,19538706,48192338,455,2,48192793,Martin,2024,19538708,2.4665294109036697,2.4665291584274662
2024-02-01,19453100,46465117,502,0,46465619,Martin,2024,19453100,2.388597138759375,2.388597138759375
2024-03-01,21766257,53266097,670,9,53266767,Martin,2024,21766266,2.447217590052346,2.4472165781673345
2024-04-01,21325733,52929433,991,12,52930424,Martin,2024,21325745,2.4819978755243723,2.481996478903785
2024-05-01,21953749,54734550,971,14,54735521,Martin,2024,21953763,2.4932197685233626,2.493218178587425
2024-06-01,20870570,55107807,119464,91203,55227271,Martin,2024,20961773,2.6461793329075345,2.634666017993802
2024-07-01,21291654,57847397,292475,103199,58139872,Martin,2024,21394853,2.7306414053130865,2.7174700382377015
2024-08-01,21998220,58975041,684897,149228,59659938,Martin,2024,22147448,2.7120347919058907,2.6937612857246576
2024-09-01,20827813,56615347,959658,162372,57575005,Martin,2024,20990185,2.764332721827299,2.742948906834313
2024-10-01,21085431,58167319,717840,115848,58885159,Martin,2024,21201279,2.79269411187279,2.777434276488697
2024-11-01,20177703,56655105,565631,87578,57220736,Martin,2024,20265281,2.835839936785669,2.8235846322584917
2024-12-01,20613562,58725782,502529,73057,59228311,Martin,2024,20686619,2.873269112829699,2.8631218566939336
2025-01-01,20633210,58181078,429601,54880,58610679,Martin,2025,20688090,2.8405991602857723,2.833063806276945
2025-02-01,19420426,53671888,380869,44428,54052757,Martin,2025,19464854,2.783294094578564,2.776941301486258
2025-03-01,21795103,60482109,438095,41993,60920204,Martin,2025,21837096,2.7951326497516438,2.7897575758241846
2025-04-01,21805441,60402618,369585,37486,60772203,Martin,2025,21842927,2.7870201295172157,2.7822371516418105
2025-05-01,21995936,64082152,367142,36168,64449294,Martin,2025,22032104,2.9300546246361145,2.9252446339214813
2025-06-01,21327817,62550998,341710,36050,62892708,Martin,2025,21363867,2.9488581977236583,2.9438822100886513
2025-07-01,21352272,63753084,334742,34304,64087826,Martin,2025,21386576,3.0014523044667096,2.996637984500184
2025-08-01,21410305,63925298,317131,31715,64242429,Martin,2025,21442020,3.0005377784202514,2.9960996678484584
2025-09-01,21239134,62642188,280739,26781,62922927,Martin,2025,21265915,2.962593813853239,2.9588629033831837
2025-10-01,22308301,64518813,275353,25193,64794166,Martin,2025,22333494,2.9044868096409493,2.9012104420383125
2025-11-01,22225681,64572206,248234,23276,64820440,Martin,2025,22248957,2.916465866670182,2.913414772656534
2025-12-01,22813668,66920503,243310,23740,67163813,Martin,2025,22837408,2.944016411565207,2.9409560401951045
2026-01-01,21592214,63076213,223224,23725,63299437,Martin,2026,21615939,2.931586218995421,2.928368598745583
2026-02-01,20424190,60524343,185847,19777,60710190,Martin,2026,20443967,2.972465003508095,2.9695895126420426
2026-03-01,21970778,69282073,210994,20824,69493067,Martin,2026,21991602,3.162977068904888,3.1599820240471796
2020-01-01,9309200,14903625,13723,237,14917348,Howard,2020,9309437,1.6024307137025737,1.6023899189607278
2020-02-01,8038069,13677915,13032,189,13690947,Howard,2020,8038258,1.7032631842299437,1.7032231361571126
2020-03-01,8426320,14945054,13331,200,14958385,Howard,2020,8426520,1.7751978325057676,1.775155698912481
2020-04-01,7878740,14865136,12942,221,14878078,Howard,2020,7878961,1.8883829140192467,1.888329946042378
2020-05-01,6701646,13582944,13614,142,13596558,Howard,2020,6701788,2.02883858681882,2.0287955990252153
2020-06-01,7767714,14688301,12627,150,14700928,Howard,2020,7767864,1.8925681352325794,1.8925315891215397
2020-07-01,8498911,16320170,13232,168,16333402,Howard,2020,8499079,1.9218229253136079,1.9217849369325781
2020-08-01,8283232,16910732,11118,188,16921850,Howard,2020,8283420,2.0429042673198095,2.0428579016879502
2020-09-01,7989757,16729916,12049,171,16741965,Howard,2020,7989928,2.0954285593416673,2.0953837130947863
2020-10-01,7941869,17112061,12962,223,17125023,Howard,2020,7942092,2.1562963327649953,2.1562357877496257
2020-11-01,7610778,16382470,12686,261,16395156,Howard,2020,7611039,2.154202369324135,2.1541284967794803
2020-12-01,8471095,17139784,14768,231,17154552,Howard,2020,8471326,2.025069014100302,2.025013793590283
2021-01-01,9386355,17660720,15419,179,17676139,Howard,2021,9386534,1.8831739264070024,1.883138014521654
2021-02-01,6229123,11974327,14490,157,11988817,Howard,2021,6229280,1.9246396322564188,1.9245911244959288
2021-03-01,9569434,18338047,17187,212,18355234,Howard,2021,9569646,1.918110726297919,1.9180682336629797
2021-04-01,8865292,18454513,15460,195,18469973,Howard,2021,8865487,2.0834026673909896,2.083356842100158
2021-05-01,9496145,19524665,15197,149,19539862,Howard,2021,9496294,2.057662556753293,2.0576302713458534
2021-06-01,9180565,19262996,15484,100,19278480,Howard,2021,9180665,2.0999230439520877,2.099900170630341
2021-07-01,9632840,20789760,16675,89,20806435,Howard,2021,9632929,2.1599481565145897,2.159928200446614
2021-08-01,10091383,21131273,16273,135,21147546,Howard,2021,10091518,2.0956043388701033,2.0955763047739695
2021-09-01,9459103,20528227,14498,146,20542725,Howard,2021,9459249,2.171741337418569,2.171707817396497
2021-10-01,9671217,21451452,15875,122,21467327,Howard,2021,9671339,2.2197130929850917,2.219685092209052
2021-11-01,9641519,21064373,15789,176,21080162,Howard,2021,9641695,2.186394280818199,2.186354370263735
2021-12-01,10340459,22512520,16634,164,22529154,Howard,2021,10340623,2.178738293919061,2.178703739610273
2022-01-01,9642337,21994305,16523,154,22010828,Howard,2022,9642491,2.282727517198372,2.2826910598101673
2022-02-01,8675806,20229872,14799,177,20244671,Howard,2022,8675983,2.3334628505985497,2.33341524528114
2022-03-01,10088793,22782841,12634,180,22795475,Howard,2022,10088973,2.2594848561170795,2.259444544058151
2022-04-01,10441394,23529929,15205,173,23545134,Howard,2022,10441567,2.2549799385024643,2.2549425771055245
2022-05-01,10595780,24269002,14145,150,24283147,Howard,2022,10595930,2.2917753105481617,2.2917428673084856
2022-06-01,9795925,23482962,11778,160,23494740,Howard,2022,9796085,2.39841975106996,2.3983805775470506
2022-07-01,10657401,25250136,12919,116,25263055,Howard,2022,10657517,2.3704705302915787,2.3704447292929487
2022-08-01,10904783,25571722,12403,89,25584125,Howard,2022,10904872,2.346137928650208,2.346118780669778
2022-09-01,11354144,25500325,9943,107,25510268,Howard,2022,11354251,2.246780382563406,2.2467592093921476
2022-10-01,12300917,27000155,7490,41,27007645,Howard,2022,12300958,2.1955798092125978,2.195572491183207
2022-11-01,12392488,27515364,10010,52,27525374,Howard,2022,12392540,2.221133802994201,2.221124482955068
2022-12-01,12585456,28776748,9985,81,28786733,Howard,2022,12585537,2.2873015487082866,2.2872868277293215
2023-01-01,12092753,29325391,8817,63,29334208,Howard,2023,12092816,2.425767565086296,2.4257549275536814
2023-02-01,10218392,25882318,10125,322,25892443,Howard,2023,10218714,2.533905823930027,2.533825978493967
2023-03-01,11535518,28714773,10960,146,28725733,Howard,2023,11535664,2.490198792980081,2.4901672760232962
2023-04-01,11399888,28236658,18435,187,28255093,Howard,2023,11400075,2.4785412804055618,2.478500623899404
2023-05-01,11774621,29450436,15567,141,29466003,Howard,2023,11774762,2.502501184539188,2.502471217677266
2023-06-01,12333583,30485579,11215,84,30496794,Howard,2023,12333667,2.47266297230902,2.4726461319249173
2023-07-01,13139440,32667704,14993,106,32682697,Howard,2023,13139546,2.487373662804503,2.4873535965397893
2023-08-01,12774249,33812505,12789,158,33825294,Howard,2023,12774407,2.6479281874026412,2.647895436555294
2023-09-01,11845205,32467217,13365,100,32480582,Howard,2023,11845305,2.7420869457303607,2.742063796584385
2023-10-01,11843163,33045066,13747,288,33058813,Howard,2023,11843451,2.7913837713793184,2.791315892639738
2023-11-01,11275352,32496740,12578,89,32509318,Howard,2023,11275441,2.8832197877281347,2.883197029721498
2023-12-01,11079371,33354453,10877,99,33365330,Howard,2023,11079470,3.0114823305402445,3.011455421604102
2024-01-01,10396269,32343184,9530,113,32352714,Howard,2024,10396382,3.111954298219871,3.1119204738725452
2024-02-01,9757069,31229135,11494,163,31240629,Howard,2024,9757232,3.201845656723346,3.2017921681066928
2024-03-01,9589017,33261261,11554,96,33272815,Howard,2024,9589113,3.469887997904269,3.4698532596289144
2024-04-01,9304251,32502286,11106,267,32513392,Howard,2024,9304518,3.494466346619411,3.4943660703327137
2024-05-01,9842979,33426488,9395,111,33435883,Howard,2024,9843090,3.3969271904369602,3.396888883470536
2024-06-01,9575744,32652020,9223,81,32661243,Howard,2024,9575825,3.4108308451019576,3.4108019935619125
2024-07-01,9717113,34089676,11740,51,34101416,Howard,2024,9717164,3.509418486746012,3.5094000677563946
2024-08-01,9420324,34201350,8730,68,34210080,Howard,2024,9420392,3.631518406373284,3.6314921926815784
2024-09-01,8817326,32692624,10173,110,32702797,Howard,2024,8817436,3.7089245651119174,3.70887829523231
2024-10-01,9133152,33178168,11004,95,33189172,Howard,2024,9133247,3.6339230968673246,3.6338852984048278
2024-11-01,9088678,32302567,9883,72,32312450,Howard,2024,9088750,3.5552420274983887,3.555213863292532
2024-12-01,9938567,34885835,10390,71,34896225,Howard,2024,9938638,3.511192810794554,3.511167727408927
2025-01-01,9573505,34637029,10129,98,34647158,Howard,2025,9573603,3.619067206838039,3.6190301603273083
2025-02-01,8138326,31688319,9811,119,31698130,Howard,2025,8138445,3.8949201592563383,3.8948632078978234
2025-03-01,8542784,34741576,12460,79,34754036,Howard,2025,8542863,4.068233025674066,4.06819540474897
2025-04-01,7987594,33954233,8227,36,33962460,Howard,2025,7987630,4.251901135686166,4.251881972499978
2025-05-01,8336614,35870249,8562,97,35878811,Howard,2025,8336711,4.303763014576422,4.303712939071535
2025-06-01,8605736,36158191,15272,54,36173463,Howard,2025,8605790,4.203413049156981,4.203386673390821
2025-07-01,8711360,38346246,16691,59,38362937,Howard,2025,8711419,4.40378276181905,4.403752936232317
2025-08-01,8061164,36296759,9554,40,36306313,Howard,2025,8061204,4.503854902344128,4.503832554045276
2025-09-01,7666745,35528559,86146,462,35614705,Howard,2025,7667207,4.645348841000972,4.645068927968164
2025-10-01,7975078,36438999,99749,378,36538748,Howard,2025,7975456,4.581616380429132,4.581399232846373
2025-11-01,7535264,35611435,98959,425,35710394,Howard,2025,7535689,4.739103235135491,4.7388359578002754
2025-12-01,7459129,36251692,103776,328,36355468,Howard,2025,7459457,4.8739561951536166,4.873741882284461
2026-01-01,6859057,35046640,99118,533,35145758,Howard,2026,6859590,5.123992700454305,5.123594558858474
2026-02-01,6125961,31955848,81239,652,32037087,Howard,2026,6126613,5.229724283259394,5.229167731012224
2026-03-01,6483913,35478646,81291,349,35559937,Howard,2026,6484262,5.484332840369697,5.48403765918157
2020-01-01,9438964,23780224,76198520,9006846,99978744,Reeves,2020,18445810,10.592131085572527,5.420133027500555
2020-02-01,8729863,22351615,70691116,8449768,93042731,Reeves,2020,17179631,10.65798294887331,5.415874822922564
2020-03-01,8848597,23206456,71406898,8854008,94613354,Reeves,2020,17702605,10.6924695519527,5.344600639284445
2020-04-01,8308387,22090189,62682903,8312052,84773092,Reeves,2020,16620439,10.203315276479056,5.100532663427241
2020-05-01,7465451,19612982,59732137,7270292,79345119,Reeves,2020,14735743,10.628308859036112,5.384534665133614
2020-06-01,7069492,19080418,66735616,7470198,85816034,Reeves,2020,14539690,12.138925116543028,5.902191449748929
2020-07-01,7396040,20553362,70664941,8203602,91218303,Reeves,2020,15599642,12.333397737167457,5.847461307124869
2020-08-01,7275842,20828513,71011375,8173997,91839888,Reeves,2020,15449839,12.622578665122195,5.944391265177585
2020-09-01,6900441,20099927,66228821,7461217,86328748,Reeves,2020,14361658,12.51061316226021,6.011057219159515
2020-10-01,6958091,20258305,65790478,7865528,86048783,Reeves,2020,14823619,12.366722855449865,5.8048431358091435
2020-11-01,6728004,19483516,66718468,7689341,86201984,Reeves,2020,14417345,12.812415688218973,5.979047043682454
2020-12-01,6598781,19896651,66575501,7892164,86472152,Reeves,2020,14490945,13.10426152951583,5.96732318009626
2021-01-01,6716992,18314111,68085402,8227051,86399513,Reeves,2021,14944043,12.862828033738912,5.781535358269513
2021-02-01,5096673,13320429,53344132,6364851,66664561,Reeves,2021,11461524,13.080015335494352,5.816378432745942
2021-03-01,6688321,18317454,68841402,7944136,87158856,Reeves,2021,14632457,13.031500132843505,5.956542773370186
2021-04-01,6302707,18456224,69874506,7616709,88330730,Reeves,2021,13919416,14.014728909340066,6.34586465409181
2021-05-01,6692480,20278750,68825732,7920296,89104482,Reeves,2021,14612776,13.314120027254472,6.09771079772933
2021-06-01,6302618,19550672,66251987,7535286,85802659,Reeves,2021,13837904,13.613812387169903,6.2005531329022086
2021-07-01,6992176,20431587,70535354,7837818,90966941,Reeves,2021,14829994,13.00981854575743,6.13398366850317
2021-08-01,6609272,20362283,69037557,7654751,89399840,Reeves,2021,14264023,13.526427721540285,6.267505317398886
2021-09-01,6273899,19897118,68500026,8065873,88397144,Reeves,2021,14339772,14.089666409994805,6.164473465826374
2021-10-01,6402788,20336655,70933348,8502368,91270003,Reeves,2021,14905156,14.254728252754894,6.123384619389425
2021-11-01,6278642,18694517,68848372,8257975,87542889,Reeves,2021,14536617,13.942965532992645,6.02223261436963
2021-12-01,6468282,19782895,71612292,8501441,91395187,Reeves,2021,14969723,14.129746816851831,6.105335883636591
2022-01-01,6184081,18445409,69801634,8075106,88247043,Reeves,2022,14259187,14.270033494063224,6.188785026804123
2022-02-01,5485306,16252549,64378578,7374882,80631127,Reeves,2022,12860188,14.699476565208942,6.269824904581489
2022-03-01,6604403,19093233,75693439,8855052,94786672,Reeves,2022,15459455,14.352042417762817,6.131307474940093
2022-04-01,6357448,19073228,73889762,8502082,92962990,Reeves,2022,14859530,14.622689796283037,6.256119137011736
2022-05-01,6447990,19774905,74180756,8284728,93955661,Reeves,2022,14732718,14.571309974115964,6.377347411387363
2022-06-01,6201279,18673514,71533015,8002844,90206529,Reeves,2022,14204123,14.546439371619952,6.350728517346688
2022-07-01,6625496,19663164,73949834,8210086,93612998,Reeves,2022,14835582,14.1292060247263,6.31003205671338
2022-08-01,6293764,18948245,75126742,8389707,94074987,Reeves,2022,14683471,14.94733310623023,6.406862995813456
2022-09-01,6031374,18699273,74687150,8315445,93386423,Reeves,2022,14346819,15.483440920758687,6.509207581136975
2022-10-01,6302722,19221126,74431641,7934900,93652767,Reeves,2022,14237622,14.85909849744285,6.577837717562666
2022-11-01,6121136,18169586,69269503,7570849,87439089,Reeves,2022,13691985,14.284781288963355,6.3861513871071285
2022-12-01,6410577,18141655,69231583,7817814,87373238,Reeves,2022,14228391,13.629543487271114,6.140767287038991
2023-01-01,6603221,18271244,72441768,8247226,90713012,Reeves,2023,14850447,13.737691347904303,6.108436466592554
2023-02-01,5883131,16474445,65090203,7316517,81564648,Reeves,2023,13199648,13.864156348039845,6.179304781460839
2023-03-01,6687743,19637153,73609661,8276280,93246814,Reeves,2023,14964023,13.94294218542788,6.231400072026085
2023-04-01,6831583,20373772,71238627,7794190,91612399,Reeves,2023,14625773,13.410127491680917,6.263764588716097
2023-05-01,7079053,20340978,75250591,8343866,95591569,Reeves,2023,15422919,13.503440220040732,6.198020556290285
2023-06-01,6547320,19969481,71171571,7777973,91141052,Reeves,2023,14325293,13.920360086264303,6.362246971143976
2023-07-01,6606741,20392003,73840228,8243458,94232231,Reeves,2023,14850199,14.263043004107471,6.345519746907096
2023-08-01,6855920,20979450,79281200,8863518,100260650,Reeves,2023,15719438,14.623952729903499,6.378131966295487
2023-09-01,7147765,21498930,77617679,8667573,99116609,Reeves,2023,15815338,13.866797383517785,6.267119235769732
2023-10-01,7240472,21505476,80667051,8936670,102172527,Reeves,2023,16177142,14.111307522493009,6.315857708364061
2023-11-01,6725550,19714447,75572023,8400762,95286470,Reeves,2023,15126312,14.167833114020414,6.299385468182859
2023-12-01,6762528,20983563,79918929,8862584,100902492,Reeves,2023,15625112,14.920824283463226,6.457713199111788
2024-01-01,6784354,20385045,77922610,8301653,98307655,Reeves,2024,15086007,14.490348675791386,6.516479476643489
2024-02-01,6381595,19311198,69040707,7778398,88351905,Reeves,2024,14159993,13.844799771843872,6.2395443980798575
2024-03-01,7142201,21172414,75006312,8361834,96178726,Reeves,2024,15504035,13.466258650519636,6.2034641949660205
2024-04-01,7074090,20886377,72722228,8513599,93608605,Reeves,2024,15587689,13.232600235507324,6.005290777869638
2024-05-01,7414600,21992900,76601960,8954292,98594860,Reeves,2024,16368892,13.297394330105467,6.023306892121959
2024-06-01,7075547,21163925,75743523,8672716,96907448,Reeves,2024,15748263,13.696106887566431,6.15353248799566
2024-07-01,7051070,21469064,77724680,8934934,99193744,Reeves,2024,15986004,14.067899481922602,6.2050368559897775
2024-08-01,6939766,21065496,77129780,8750251,98195276,Reeves,2024,15690017,14.149652308161398,6.258455679174854
2024-09-01,6958998,20891835,72477116,8135704,93368951,Reeves,2024,15094702,13.417010753559635,6.185544504290314
2024-10-01,7181857,21835137,79552843,8707484,101387980,Reeves,2024,15889341,14.117237366324614,6.380880113278455
2024-11-01,6904742,20933176,72535730,8066856,93468906,Reeves,2024,14971598,13.536915065037912,6.243081466654394
2024-12-01,6782002,20332860,80718266,8292930,101051126,Reeves,2024,15074932,14.899896225332874,6.703255842215408
2025-01-01,6363720,19308544,79720700,7938284,99029244,Reeves,2025,14302004,15.561533819841225,6.924151608403969
2025-02-01,6053709,18240071,73779125,7369274,92019196,Reeves,2025,13422983,15.200465697971277,6.855346237121808
2025-03-01,7406061,21238320,82691596,8658969,103929916,Reeves,2025,16065030,14.033089384491973,6.469325983207003
2025-04-01,7160183,20445011,78490375,8175453,98935386,Reeves,2025,15335636,13.817438185588273,6.451338959792734
2025-05-01,7533740,23136624,86009158,8705906,109145782,Reeves,2025,16239646,14.487596067822887,6.72094588761356
2025-06-01,7094025,21842355,79597840,7820051,101440195,Reeves,2025,14914076,14.299385045866064,6.801641281699248
2025-07-01,7148087,22231707,85007786,8389514,107239493,Reeves,2025,15537601,15.002544456999473,6.901933766995304
2025-08-01,6810458,21986715,85512185,8411441,107498900,Reeves,2025,15221899,15.784386307058938,7.062121486944566
2025-09-01,6311398,20756765,80240286,8130677,100997051,Reeves,2025,14442075,16.00232642593606,6.99325069285404
2025-10-01,6505302,20999691,75904220,7861772,96903911,Reeves,2025,14367074,14.896143330471054,6.744860574950752
2025-11-01,6565361,21674204,77024524,8047578,98698728,Reeves,2025,14612939,15.033252246144576,6.754201054284836
2025-12-01,7030339,23020802,80011891,8363174,103032693,Reeves,2025,15393513,14.655437383602697,6.693254034995131
2026-01-01,6450339,20948331,76989144,7790160,97937475,Reeves,2026,14240499,15.183306644813552,6.877390672897066
2026-02-01,5849687,19515296,71823462,7066485,91338758,Reeves,2026,12916172,15.614298337671743,7.071658537839229
2026-03-01,6193492,21556033,74951995,7702514,96508028,Reeves,2026,13896006,15.582167216814037,6.94501916593876
2020-01-01,7258729,15458848,19963658,4621232,35422506,Loving,2020,11879961,4.879987391732079,2.981702212658779
2020-02-01,6979903,14758937,19183176,4287108,33942113,Loving,2020,11267011,4.862834483516462,3.012521510807081
2020-03-01,8177875,17601938,23640819,5469058,41242757,Loving,2020,13646933,5.043211959096953,3.0221264367605527
2020-04-01,7392785,16083269,21289985,4857119,37373254,Loving,2020,12249904,5.0553687142261,3.0509017866588994
2020-05-01,7412022,16103938,20827847,4568757,36931785,Loving,2020,11980779,4.982686910535344,3.0825862825781196
2020-06-01,6501210,14726208,19508466,4187818,34234674,Loving,2020,10689028,5.2658926569054065,3.2027864460641324
2020-07-01,6829857,15158748,19208714,4058167,34367462,Loving,2020,10888024,5.031944592690594,3.156446201808519
2020-08-01,6522080,14448634,18330389,3789132,32779023,Loving,2020,10311212,5.025854175355102,3.178968970863949
2020-09-01,6145167,13823902,18657006,3875340,32480908,Loving,2020,10020507,5.285602165083553,3.241443571667581
2020-10-01,6654125,14954549,19364199,4065759,34318748,Loving,2020,10719884,5.157514774669847,3.2014103883959937
2020-11-01,6458536,14479956,18116812,3760653,32596768,Loving,2020,10219189,5.047083116049829,3.1897607530304017
2020-12-01,6758652,14566762,19592320,4341217,34159082,Loving,2020,11099869,5.054126473740622,3.077431094006605
2021-01-01,6549945,14575801,22578659,5023689,37154460,Loving,2021,11573634,5.672484272768703,3.2102674060714205
2021-02-01,4617545,10191722,15858453,3465154,26050175,Loving,2021,8082699,5.641563861315916,3.2229549807558096
2021-03-01,6800184,15061789,20281262,4290381,35343051,Loving,2021,11090565,5.197366865367172,3.186767400939447
2021-04-01,6671928,15301699,20967488,4218041,36269187,Loving,2021,10889969,5.436087889437656,3.3305133375494456
2021-05-01,7032067,15991725,22099344,4446870,38091069,Loving,2021,11478937,5.416767075740319,3.318344634176492
2021-06-01,6213468,14254706,22199224,4695675,36453930,Loving,2021,10909143,5.866921661139963,3.3415942938872467
2021-07-01,6410162,14872268,24378469,4942114,39250737,Loving,2021,11352276,6.123205154565516,3.4575213816154577
2021-08-01,6718589,15417617,23457007,4616719,38874624,Loving,2021,11335308,5.786129200640194,3.429516339564836
2021-09-01,6708160,15328394,23617163,4594403,38945557,Loving,2021,11302563,5.805698880169823,3.445727929143151
2021-10-01,7389663,16629918,22812958,4267707,39442876,Loving,2021,11657370,5.337574392770009,3.3835141202518235
2021-11-01,7281670,16237490,22109927,4323300,38347417,Loving,2021,11604970,5.26629427040775,3.304396047555487
2021-12-01,8004430,18636281,24007713,4750048,42643994,Loving,2021,12754478,5.32754911967498,3.343452707355017
2022-01-01,7388117,16576433,23515153,4906435,40091586,Loving,2022,12294552,5.426495817540518,3.2609228868201137
2022-02-01,6351635,13889548,20737533,4313668,34627081,Loving,2022,10665303,5.451679921783919,3.246703914553576
2022-03-01,7442157,16669359,23946261,4883005,40615620,Loving,2022,12325162,5.457506472921762,3.295341675833551
2022-04-01,7443248,16971422,25022719,5087411,41994141,Loving,2022,12530659,5.6419107626133105,3.351311451376979
2022-05-01,7588128,17471295,26183076,5357097,43654371,Loving,2022,12945225,5.752982949154258,3.3722373307532316
2022-06-01,7059661,15892189,24139519,4974652,40031708,Loving,2022,12034313,5.670485877438025,3.3264639202919186
2022-07-01,7301698,16823238,26511419,5335321,43334657,Loving,2022,12637019,5.93487391562894,3.4291834965192343
2022-08-01,7000397,16453657,28518750,5857639,44972407,Loving,2022,12858036,6.424265223815164,3.497610910406535
2022-09-01,7151900,16928767,26742637,5316685,43671404,Loving,2022,12468585,6.106266027209553,3.5025148402966333
2022-10-01,7546659,17563919,26690296,5273822,44254215,Loving,2022,12820481,5.86408038312053,3.4518373374602715
2022-11-01,7579978,16831067,24825654,4972557,41656721,Loving,2022,12552535,5.4956255809713435,3.3185903086508026
2022-12-01,8173195,17926416,24647471,4849648,42573887,Loving,2022,13022843,5.208965037540398,3.2691699500638993
2023-01-01,8243494,18120311,25590250,5013527,43710561,Loving,2023,13257021,5.302431347678545,3.2971631409499915
2023-02-01,7232079,15882804,23696980,4764019,39579784,Loving,2023,11996098,5.472808579662916,3.299388184391291
2023-03-01,8546822,19100303,28111154,5458782,47211457,Loving,2023,14005604,5.523861032790902,3.3708976064152605
2023-04-01,7994328,17995421,26365914,4924063,44361335,Loving,2023,12918391,5.549101187742109,3.4339675118983473
2023-05-01,8138803,17991695,27773165,5344044,45764860,Loving,2023,13482847,5.623045551047249,3.394302405122598
2023-06-01,7728840,17565496,27243855,5034480,44809351,Loving,2023,12763320,5.7976812820552635,3.510791157786532
2023-07-01,8534493,19967427,27499962,5017520,47467389,Loving,2023,13552013,5.561828804593313,3.5026079889386175
2023-08-01,8183191,18533131,27305977,5050845,45839108,Loving,2023,13234036,5.601617755225315,3.4637285254475656
2023-09-01,7994207,18866648,26974752,4987635,45841400,Loving,2023,12981842,5.734327369806661,3.5311938013110926
2023-10-01,8050401,18501241,27085515,5046246,45586756,Loving,2023,13096647,5.662668977607451,3.480795962508572
2023-11-01,8329352,19879321,26640986,5067861,46520307,Loving,2023,13397213,5.585105179850726,3.4723869061423445
2023-12-01,9283565,21981796,28499724,5304864,50481520,Loving,2023,14588429,5.437730009969231,3.460380826475558
2024-01-01,8867133,21256518,28462763,5516930,49719281,Loving,2024,14384063,5.60714280478256,3.4565533396231647
2024-02-01,8613650,21027607,28500991,5492813,49528598,Loving,2024,14106463,5.750012828475733,3.5110571657828045
2024-03-01,9066644,22768727,30815282,5699069,53584009,Loving,2024,14765713,5.910015767686478,3.628948293929321
2024-04-01,8448350,21058335,28807350,5129534,49865685,Loving,2024,13577884,5.902417040013731,3.6725667268920548
2024-05-01,9404336,22417875,28353319,4929191,50771194,Loving,2024,14333527,5.398700556849521,3.5421284656595686
2024-06-01,9442292,23104283,29516582,5303273,52620865,Loving,2024,14745565,5.572891094662186,3.5685892673491995
2024-07-01,9171929,22894062,30921545,5601751,53815607,Loving,2024,14773680,5.86742516214419,3.642667703645943
2024-08-01,9368925,23577780,33457713,5860975,57035493,Loving,2024,15229900,6.087730769538661,3.7449683188990077
2024-09-01,9037711,22993047,32952794,5721897,55945841,Loving,2024,14759608,6.190266650482628,3.7904692997266594
2024-10-01,9472529,24033970,35491638,6202998,59525608,Loving,2024,15675527,6.284024889234965,3.7973592849541835
2024-11-01,9423683,23986424,32853754,5767397,56840178,Loving,2024,15191080,6.031630945141088,3.7416811707923334
2024-12-01,9639470,25307685,32261015,5414006,57568700,Loving,2024,15053476,5.972185192754373,3.8242795218858423
2025-01-01,9513198,24575727,31725466,5366144,56301193,Loving,2025,14879342,5.918219404242401,3.783849648727746
2025-02-01,8631425,22796967,29144626,4931018,51941593,Loving,2025,13562443,6.01773090770064,3.829810971371456
2025-03-01,9184928,24404553,32359652,5399739,56764205,Loving,2025,14584667,6.180146975566929,3.892046695341073
2025-04-01,9368532,24885897,33133111,5392370,58019008,Loving,2025,14760902,6.19296683834778,3.930586897738363
2025-05-01,9665024,25910689,35728545,5664878,61639234,Loving,2025,15329902,6.3775562274858295,4.020849839744573
2025-06-01,8940065,24142100,32680026,5061915,56822126,Loving,2025,14001980,6.355896293818893,4.058149347449432
2025-07-01,9704381,26029846,36169397,5769572,62199243,Loving,2025,15473953,6.409398291349031,4.019609145769023
2025-08-01,9529591,25797095,35545588,5624479,61342683,Loving,2025,15154070,6.4370740570083225,4.047934515282033
2025-09-01,9586578,25826927,32388932,5082734,58215859,Loving,2025,14669312,6.072642292171409,3.968547332008481
2025-10-01,10246726,27701376,32659165,5234208,60360541,Loving,2025,15480934,5.89071484882098,3.8990245033019324
2025-11-01,9623128,26804672,31248606,4976730,58053278,Loving,2025,14599858,6.03268272021322,3.97629059131945
2025-12-01,9760773,27285576,33099550,5261440,60385126,Loving,2025,15022213,6.186510638040655,4.0197223937644875
2026-01-01,9544676,26014167,33063119,5241921,59077286,Loving,2026,14786597,6.189553841324734,3.9953267137800537
2026-02-01,8820537,24890584,30051926,4676844,54942510,Loving,2026,13497381,6.228930279414961,4.070605252974633
2026-03-01,9555708,27775441,30718465,4724629,58493906,Loving,2026,14280337,6.121357622062122,4.096115238737013
